0,1.9574735510862713,2.138703549895538,1.8975084832427074,1.7196861921230986,3.1210952905902705,1.8587108159692864,1.3217648607775334,1.7196862723225306,2.9906088038941623,1.7945313339737547,1.2514219516260088,1.7196861720494567,2.940136003122042,1.8101250642919897,1.277216289623456,1.676846251509279,2.7976006600746732,1.8345303233333874,1.3312383563879564,1
0,2.045234260607766,2.1553537039125055,2.05026044201533,1.7196862658205598,3.095522161072993,1.8466880179400111,1.3238482170223713,1.7196862442329457,2.9896955297778063,1.8592244020288724,1.3463419794049396,1.7196861949253355,2.9429169167512637,1.9095160614911604,1.4020015132913826,1.676846209938497,2.7915901964610885,1.9484379131691762,1.47201650227119,1
0,2.0005406913819415,2.158869415276291,1.9022228902064495,1.7196863681299928,3.115153758107705,1.8742253229609573,1.3482518147762972,1.7196862730732336,2.9905279847919437,1.8640963434788904,1.3517826602889051,1.7196861312377707,2.942156815551174,1.9128750235917666,1.4045994270596076,1.6768462756513682,2.7893916790322133,1.9503114171327778,1.4729395065722466,1
0,2.008376969183211,2.1635729871515514,1.8892626410957023,1.7196862886448092,3.1216559982998247,1.8823976606115795,1.3548615369819785,1.7196862870060865,2.9927888767936577,1.8697417304674935,1.3584834278297329,1.7196861636582073,2.9378099556191715,1.797286765754413,1.2652070159782702,1.6768462434087723,2.7902579186148473,1.8656601253185983,1.366091370977587,1
0,2.0142609953334576,2.1482675058149345,1.98691670375208,1.7196862703416425,3.1226476482493952,1.8857263548443228,1.358830626391493,1.7196863170497285,2.9929306671072164,1.8673674806587386,1.3545628527373876,1.7196861715785183,2.941236350774348,1.8431504211249705,1.322970043809535,1.6768461576280866,2.791848470612595,1.8757778178453124,1.3827243609029387,1
0,1.9068662217506596,2.1008811525837943,1.8438018176418984,1.7196862376043827,3.093235464760168,1.8319074841951848,1.3049173367372593,1.719686260832512,2.9962752270985735,1.8235621320098419,1.284585947213561,1.7196861679881525,2.9396048114854314,1.6924845169866374,1.1164223349945612,1.6768461813361684,2.792008103190295,1.755062188832459,1.2119508465554496,1
0,1.912104743232076,2.10509788201664,1.8293125221576259,1.7196862554942787,3.1029060854999284,1.8003906643880252,1.2515806604763218,1.7196862901945862,2.9913871743352733,1.7493298169608553,1.1901879374017834,1.7196860793284763,2.9449858385239227,1.7636079249725332,1.1992748418466075,1.6768461415945293,2.7949725722285717,1.8036042381008714,1.275064151168531,1
0,1.8759350881199377,2.0826307561105084,1.8405343460266523,1.7196863009187888,3.1213279311669644,1.768948159802137,1.190820161756007,1.7196862957957577,2.9878516194013156,1.7177397548535251,1.1526988072980244,1.7196861669636412,2.941034032569278,1.6398673862431963,1.0410560852225346,1.6768462196910425,2.793251809678616,1.6986690918174308,1.1297164498823453,1
0,1.8678369582934367,2.0707544995458447,1.8696610683905464,1.7196863036090133,3.117946337175935,1.7657279966243815,1.1902836374800998,1.7196862455856279,2.996795808957412,1.7600050293225635,1.186589173918326,1.71968612335756,2.9436777431854995,1.589503119446639,0.9614382517895974,1.6768462149792072,2.7924621804758156,1.640791076286826,1.0497294717687284,1
0,1.926260231183592,2.1093171644563333,1.8703524443174069,1.7196863316678015,3.113434821705432,1.8121092277953665,1.2203592651993687,1.7196863113301268,2.996991284538468,1.8108457038892887,1.2258649626451594,1.7196862094040226,2.9406032655121868,1.8435078369008089,1.2529826450691361,1.6768462553591612,2.775960893758345,1.8690153738233177,1.3123209815713024,1
0,2.022392629289677,2.1599290781234575,1.94723094157104,1.7196862597496723,2.993975394567515,1.9727876705990999,1.3565580096457848,1.7196863120036527,2.983144113100342,1.8807040043104863,1.3014260804450346,1.7196861566716224,2.929647089024072,1.9175277415414318,1.3352711808727762,1.6768462345527486,2.7709615722894387,1.934124179811291,1.3875167267948323,1
0,1.9559275418973092,2.1202618978005554,1.9716570107500635,1.7196862388816416,2.99200372263335,1.972558725391084,1.354617221738822,1.7196862568451434,2.978297366109824,1.869687093960122,1.2764171473552526,1.7196862073051074,2.9340802691604018,1.8618294466634797,1.2649847830619048,1.6768462030932048,2.7714840067320954,1.8877174179966958,1.3297140328719084,1
0,1.944446185845542,2.0912129149840566,1.9723284637199963,1.7196862478687254,3.024376675187316,1.9150395478570803,1.2967829102808077,1.7196862423463795,2.9790386512674973,1.859491317586179,1.2613316725053088,1.7196861909426449,2.932218594618378,1.8655619486249428,1.2681318105925594,1.6768461381206796,2.7629140863890655,1.9136543803062895,1.3481646952674808,1
0,1.9457556784802201,2.1032644714445987,1.9326768750142787,1.719686223263105,3.051263033313782,1.888099288443471,1.2792914427341144,1.719686323586859,2.9883097738703315,1.8389251040220658,1.248082805196884,1.7196861449557146,2.93385031244868,1.8582473294948814,1.2663049272086444,1.6768461717931604,2.7724924343741506,1.8881225500686631,1.3320394706075322,1
0,1.9986394904422102,2.149740547098041,1.9952374700160986,1.7196862303628753,2.993973650827565,1.963788631373445,1.3433818043803292,1.7196862529112658,2.987854956670868,1.8666594499535198,1.285864691609526,1.7196861749478414,2.932872057008577,1.897318503457358,1.3189798001417594,1.676846178029791,2.778688970898368,1.9035730473145331,1.3629240554266095,1
0,1.9969197954555356,2.1472566108730913,2.0420808222623408,1.7196862661179075,2.97230447603212,1.997520005930959,1.3753253507720782,1.7196863330954726,2.978786418720732,1.8902122205488041,1.3021541046414702,1.7196861296303239,2.9237690487333245,1.9246014291040594,1.3391262097772547,1.6768461810642263,2.7712995612303213,1.9320267569991647,1.386483716548405,1
0,1.9890136289845006,2.1332414355210862,2.1153949845253823,1.7196862895091378,2.9669369784639095,2.0033996875061106,1.3795815957422504,1.719686288548398,2.976122789596163,1.905571758441968,1.3205349246262632,1.7196861150396103,2.9249608500906747,1.9436726251022536,1.3668249018295715,1.676846190026379,2.7669715193055633,1.9589504326906777,1.4170705655190898,1
0,2.000548994070384,2.152597279639241,2.133866345029335,1.7196862359134422,3.029571613231219,1.9739876261748805,1.3868436538731548,1.719686296416928,2.9881365994530302,1.91330163536874,1.3584586406995733,1.7196862037838376,2.934605344673779,1.9648925190748345,1.4195062332150061,1.6768462096076424,2.776189155517256,1.9735552476708447,1.4591946519487573,1
0,2.0447309217334793,2.1798946312198115,2.1256672076468246,1.719686239778752,3.0521487820496045,1.9666569496656603,1.3941187517845786,1.7196863076287965,2.9916391875405006,1.9061834821976582,1.3700595087799305,1.7196861570955542,2.939399925258371,1.9634775008666592,1.4326483839632689,1.676846245955579,2.785731033453235,1.9598071052117836,1.4672757063965252,1
0,2.0562218215623203,2.183274486416042,2.0858693647886044,1.71968628072426,3.0607915415318643,1.979802795850625,1.4199230732861645,1.7196862546947442,2.990941303216836,1.9070371092583822,1.3797759011823318,1.7196861754640942,2.942766402554938,1.9569767368131687,1.4359922002076184,1.6768462074685344,2.790172953918814,1.9534560824177314,1.468738410621618,1
0,2.0240965406605325,2.1684108948272276,2.117845396584219,1.7196862564965905,3.1114619653964164,1.9230478022838748,1.3777908998663662,1.7196862611106738,2.989211586349111,1.881727932551608,1.3536269346078476,1.7196861768220308,2.942303180342989,1.945983491276556,1.4209735393884413,1.6768461835913986,2.790229122615559,1.9468200215261922,1.4580443020393552,1
0,2.0004486646666937,2.1501438905137005,2.0758281455112604,1.7196862746591195,3.109812371380013,1.9215532190523468,1.3743272729401041,1.7196862563324031,2.989038376509415,1.8725585650787784,1.3414125746908636,1.719686093621206,2.9412165889965025,1.9322678525844652,1.4019173038344657,1.676846231719432,2.790294931852296,1.9312300049136848,1.4372667118743798,1
0,2.01306864699512,2.088460698859341,2.016102192551022,1.7196862915864937,3.121364323001694,1.9066283398504673,1.3626428168091187,1.7196862525318115,2.98938109515829,1.8675713799995541,1.339387309080377,1.7196861328376278,2.941440814340271,1.9178188348893,1.3902525673467452,1.6768462150673815,2.7892032660965715,1.921330688004113,1.4287245431479187,1
0,2.0065661355706803,1.941293870242691,2.066086396141531,1.7196862495824778,3.13026301012455,1.888282496085477,1.3514918478108175,1.7196862123153862,2.988627698034126,1.8641503788995164,1.3382659865093822,1.7196861248423665,2.9432960690027534,1.918978930632827,1.3963786417253166,1.676846198206062,2.789210186195058,1.9278602659084927,1.437604885092306,1
0,2.0286082019533853,1.9598781177360918,1.772006856715792,1.7196862823549415,3.1225859684387944,1.8822790112875836,1.3525777115017341,1.719686295286688,2.9877660289077195,1.8510339679961196,1.3267979064606423,1.7196861738408948,2.9429804586033548,1.8864938719542674,1.3621122636045164,1.6768462396845836,2.793690877270238,1.8986593667312046,1.4079002720199802,1
0,2.04267779313671,1.9926552905880688,1.7706540535604542,1.7196862624776925,3.1189809044834282,1.8290453825827824,1.2812340256901191,1.719686247332576,2.9881083668316757,1.8140881166079597,1.2769452548081799,1.7196861818408256,2.9415028202636,1.8263033836545732,1.2883262403097744,1.6768462147828491,2.795348615016539,1.8438932668240742,1.3351366156273166,1
0,1.9926060065851303,1.9449567792822156,1.7290308934963932,1.719686238388484,3.1240359532861857,1.8438970612803396,1.2988462456723993,1.7196862441521221,2.9854794191712943,1.7998475543208723,1.262087336437362,1.7196861582696135,2.941566313287868,1.8529037448711954,1.3179066215623452,1.6768462388587746,2.8009886542008178,1.834378236978735,1.3295751492972305,1
0,2.033147590620364,1.9898888961538317,1.7854836453402796,1.719686302098445,3.1089390280180393,1.8724352552911674,1.3507396265653804,1.7196862149533916,2.982316858332436,1.8497535105383431,1.3374710392886515,1.7196861569362512,2.941184782953485,1.9220263323874232,1.409710833728482,1.6768461393537182,2.8042881007740807,1.885861746398481,1.4018749292811734,1
0,2.0384422969493396,1.9940554023675277,1.775356211264639,1.7196862600916547,3.1075900365117386,1.9039104180008757,1.3959634923703406,1.7196862571967886,2.981846760625021,1.873142897507816,1.372768203994312,1.7196861433177841,2.9421431307678065,1.9722909928059702,1.4858560433833994,1.6768462019132884,2.8033827567918452,1.9382058834070828,1.4798504744397496,1
0,2.0483141054656393,2.017653738255984,1.7974419955423593,1.7196863123306703,3.1070430506481124,1.906079889339255,1.3993361374802276,1.7196863433106886,2.981808769539745,1.8760078298878757,1.3781332535234518,1.7196861719407837,2.9417605212172893,1.9764076646228317,1.490726748781942,1.6768462610895063,2.8031126366407664,1.9498984876704735,1.4918210481030045,1
0,2.063513638850356,2.0339301912581464,1.8202701684820979,1.7196863005783318,3.107332724197844,1.9260896790383655,1.4279244537322369,1.7196862992622428,2.982737987868124,1.892452425847473,1.4022807602231462,1.719686079814611,2.9417832788611022,1.9818691999322693,1.5026557725011287,1.676846198739488,2.7981341447085146,1.9691097395513628,1.5206922148688862,1
0,2.062282212248645,2.0123342854936075,1.7925868690347444,1.719686280641398,3.105342626897964,1.9201094099346736,1.4207295895544665,1.719686319992109,2.982799250829746,1.8843220584341416,1.392059120756318,1.7196862068921512,2.943116098225895,1.9750871043202691,1.4917212439143017,1.6768462477594461,2.793489628207582,1.9748791802067427,1.521996081351889,1
0,2.0661345682858285,2.0080096423124334,1.794723560928915,1.71968626340995,3.1039237272862596,1.921495992874839,1.4232721020296695,1.7196862907325863,2.9831881909949547,1.8902683319525144,1.399517179132432,1.719686183083759,2.9422457593991806,1.97084871364576,1.485455489037955,1.6768461636660275,2.7915556490141546,1.9742755260660587,1.5205244549132493,1
0,2.0640963253393814,2.0018131309537885,1.7800206826419456,1.719686234707146,3.099245278559181,1.906637051323908,1.4058095081257436,1.7196862695228148,2.9829308121431524,1.88445016133156,1.3910334489031166,1.719686117084184,2.942803413451953,1.9561665652939573,1.4658641422247773,1.6768462612253607,2.7907557269169345,1.9649245806415878,1.508107354008308,1
0,2.048812882508844,1.9797094806899966,1.7604414636289072,1.71968626756869,3.099673312698027,1.9049746552995026,1.4031092655750843,1.7196862582066978,2.983386710738345,1.8726995537150863,1.3750845815628314,1.7196862079026602,2.94271046524879,1.9632735715041405,1.4757576771539571,1.6768462230359247,2.791578847158057,1.968591225895295,1.5127976072170985,1
0,2.075458996945734,2.1947592566535397,2.185313999393272,1.719686272593687,3.1303168220527278,1.918889665533838,1.3889545407957296,1.7196862889682705,2.9933862501832436,1.8998788567102292,1.3806806642387153,1.7196862182977823,2.9400845409116565,1.9684036523387882,1.455779119479397,1.6768462765273402,2.78868842509156,1.9750387478734417,1.5013235526807203,1
0,1.9466889648368508,2.1235246398214813,2.124906259991977,1.7196862492281335,3.0917252257707224,1.9227709654691783,1.3614623292585337,1.719686295961007,2.9857045099448127,1.8873134365843367,1.3311680453596004,1.7196861493093036,2.942242761285439,1.8871705077235903,1.337311491018325,1.6768462410385108,2.779640717379139,1.9618279485106072,1.4501418728124884,1
0,1.8115961629516342,2.047176771296024,2.068236116475668,1.719686268405302,3.1209293003374086,1.5810308316921606,0.9251237644772835,1.719686326529407,2.9869966842040396,1.5887688360720618,0.934292775043585,1.7196861616707404,2.940145840473888,1.6471629536998529,1.0539168354681652,1.6768462227850758,2.7871461577846675,1.749608896666261,1.1863999550795137,1
0,1.8946690382116642,2.079305237165829,2.09958952711674,1.7196862194356883,3.1235500450023523,1.6218265393076725,0.9597710212397292,1.7196863044333714,2.9864974644020714,1.6019695021348102,0.9432298036429441,1.7196861714676388,2.941795205356315,1.6028402827953183,0.9824984497440509,1.676846226726861,2.799015985107336,1.6491568398079344,1.0548542880403262,1
0,1.8452226598583659,2.087827621536793,1.826495267115874,1.7196861875910523,3.10078958961669,1.659866158478659,0.9910097359943314,1.7196861793243456,2.98727495175429,1.5984662109219843,0.9445234545869299,1.7196861158844092,2.9434697373803758,1.6411923107075446,0.992440956080656,1.676846258325305,2.8032189851858718,1.6551428280458347,1.0400520504567357,1
0,1.4011284956025878,1.356190710870912,1.5664763760188722,1.7196862992401998,2.6227968003076225,2.4933341721514997,1.7756023284178781,1.7196862354357971,1.5573748200495277,1.820501580834395,2.0297728552356284,1.7196861272420483,1.3239835225874637,1.5566863797711703,1.7670953167379666,1.6768462403830313,1.2963339741361937,1.5294976921561894,1.7364402008142406,2
0,1.419586422842886,1.36978514033602,1.5521604912320768,1.7196863062482706,2.623044946905153,2.4920831564401777,1.7730589079977173,1.7196862360806298,1.2787047728889949,1.49672323458394,1.6964433109715322,1.7196861273173607,1.3600819526812047,1.5780907160899509,1.7736260839694664,1.6768462160062103,1.3482028948727185,1.5626267490156607,1.7511456333384778,2
0,1.4467136391919289,1.4247594090804567,1.5613743175450032,1.7196862639626231,2.6231064527884413,2.491772887399693,1.772429246376117,1.7196862166015534,1.275242341446477,1.4924168814918255,1.6917264378217223,1.7196861570845572,1.3630781809526347,1.580470369692612,1.7752674123248096,1.6768462052732624,1.358617739179549,1.5736504805477936,1.7624796517657382,2
0,1.42674191024346,1.4044170521138355,1.5559450933101047,1.7196862656532093,2.623138834647851,2.4916087958466986,1.772095665350515,1.7196862828618795,1.2746789982025823,1.4917161275007798,1.6909590907813796,1.719686142078743,1.3636138638793083,1.5808957960007903,1.775560559152764,1.6768462177069223,1.361903243668612,1.5761384474853468,1.764203467314578,2
0,1.4151642836370462,1.369089090537366,1.4625816646976237,1.7196862410139866,2.6231595198521878,2.4915041929490442,1.7718833762724475,1.7196862068384662,1.1743884964505076,1.2894493796284578,1.3987172448776362,1.7196861881314651,1.1670988517448027,1.2707042034644096,1.368623720423725,1.6768462232233718,1.1765389261463197,1.3013104672028624,1.4169308820018216,2
0,1.2608896027603156,1.2201944170025503,1.3069987863413046,1.7196862866344225,2.623175643142458,2.4914237453396,1.7717192679107712,1.719686300315104,1.240256274444072,1.3158650974627444,1.3865329233931174,1.719686211212066,1.2636275720848433,1.3470148712449848,1.4236963734601717,1.6768462495316891,1.2700922299406978,1.366844010475682,1.4537435056972718,2
0,1.3831774627898805,1.3356392708941878,1.4804768715898127,1.719686338238382,2.6231916947760445,2.491341984648384,1.771553338081403,1.719686239354337,1.2773922224139562,1.3556123049492839,1.427969341604252,1.7196861508685275,1.3721090719610547,1.4462184771264661,1.5122824343597365,1.6768462443675813,1.3253232229675567,1.408970278408028,1.482833870030972,2
0,1.4284666095913297,1.3652096207457072,1.532650172741002,1.719686325777003,2.623203247947621,2.4912839156618833,1.7714354414756803,1.719686276771788,1.3320306624112745,1.4134188408590103,1.487568336229377,1.7196861814014868,1.2633818137009172,1.3419333492041818,1.414091601700097,1.6768461969073365,1.2851483088390412,1.3803478248022616,1.4652419298699975,2
0,1.4015270111877236,1.3603788447169647,1.4882523467359516,1.7196863442870307,2.623213684640977,2.4912306097235954,1.7713279160821243,1.7196862950427598,1.3138490401378407,1.3999153786647076,1.4787609186981292,1.7196861641476944,1.3888814926724582,1.5281244839386052,1.65136240846082,1.6768461858834085,1.2701046312239765,1.3955512080750399,1.507178360535085,2
0,1.3998793592171541,1.3598253553638262,1.4858816743355001,1.7196862492810019,2.623220916319884,2.4911943161088534,1.7712541305470733,1.7196862499766568,1.312148410283508,1.3985353519837447,1.4777137801854252,1.7196861734479574,1.5121072874436938,1.6100455245702998,1.6938986914904233,1.6768461931422884,1.369698557715678,1.4688613853175423,1.5544058954595161,2
0,1.4838580444856124,1.403723245065165,1.5724977553043402,1.7196862219996332,1.3898761699482758,1.6656454164642174,1.9065815500637013,1.7196862818996297,1.4349056361096975,1.487636164575694,1.5339888591833626,1.7196861766394071,1.4341469739757315,1.4853889145428878,1.5302563685489263,1.6768462211113122,1.3442018204767268,1.399283391253537,1.447443364693297,2
0,1.434276807951881,1.3350100571260215,1.5074166476176254,1.7196862454288329,1.3633175229135186,1.4246953326192868,1.4794026393048545,1.7196863375030118,1.4096313119239425,1.4646375386071453,1.5133660336421004,1.7196861862847657,1.4002203484216897,1.4572558309866652,1.5075042768398201,1.6768462274232836,1.324536419513413,1.3803630083187934,1.4291964511547641,2
0,1.4443426649317965,1.348067805000227,1.5156632706504656,1.7196862569789573,1.4355832314495183,1.5055554950616588,1.5665996736008183,1.719686256202751,1.4723674052538045,1.5322637175205311,1.5842476078140053,1.7196861975879387,1.4510560793132474,1.5156207665780983,1.5714338717301672,1.6768462548936145,1.3832479722076039,1.451948987787552,1.5108194019487746,2
0,1.4312694743647538,1.3412609728906366,1.457530272535256,1.7196863040472474,1.465371793139066,1.526258433183795,1.5789181874125555,1.7196863033932086,1.496099217623957,1.549454981665531,1.595471199521955,1.7196861386168003,1.477259066684584,1.5338326156992623,1.582435128235244,1.676846217662878,1.4036087792131184,1.4639165739383189,1.515216504225591,2
0,1.37700465857362,1.2907018268803108,1.3273036459517484,1.7196862190294255,1.393276565832025,1.4513177667052841,1.502623134598625,1.719686273517143,1.426943076890764,1.4828920255393159,1.5322042168021428,1.719686180610494,1.4286541908753403,1.4847002489242234,1.5336931056990937,1.676846211044202,1.3687549993412411,1.4259692745975419,1.4753974643702268,2
0,1.4699797324081982,1.3819826022195971,1.4647052301160264,1.719686267656154,1.404962143433973,1.4645948913181366,1.5171136653128503,1.719686320249011,1.4416171565518696,1.4967951145729705,1.5451403099770025,1.7196861744898884,1.4397105062694406,1.4889244431746425,1.5317596419658084,1.6768462275422424,1.376857387996601,1.428892569007835,1.4736367587793775,2
0,1.4645771541637898,1.3890546701776756,1.5137074888449935,1.7196862993281012,1.4155244860283076,1.4700164766115806,1.5178606814044309,1.7196862721279227,1.4549164101107799,1.49521958264176,1.5304573528846006,1.7196861519233215,1.4411151524443444,1.494213279798738,1.5404458456812837,1.6768462378042563,1.372179107953242,1.4315563638974047,1.4826230691222202,2
0,1.4856086778801865,1.4082705768397985,1.5349178444777056,1.7196861834509016,1.3991374195476618,1.4490214622482043,1.4930310672494607,1.719686227394566,1.4416585299409121,1.484728124133989,1.5225197624888807,1.7196861687572702,1.4178121243847281,1.462243325082594,1.5012275541291416,1.6768462221084863,1.3585469494472122,1.415369055385398,1.4645221186851805,2
0,1.4903322271745048,1.4110208716983619,1.5372282614810493,1.7196862848147727,1.3921762322666396,1.443111827253365,1.488132996963203,1.7196862354601778,1.4278605067134085,1.4709469584020831,1.5088901009229376,1.7196861779106765,1.4135374840168302,1.4625796422117696,1.5056684395368385,1.6768462206409676,1.3477796856176367,1.400608503100374,1.4465020449478223,2
0,1.4769311850880391,1.3942637298275877,1.5201545887395138,1.7196862707981286,1.4011850420862368,1.454031687852075,1.5006194500070889,1.7196862482148814,1.4286424264518844,1.4762015701493234,1.518069256758951,1.7196861655500062,1.4222017573190622,1.4742646469838314,1.519825620267549,1.6768462045228771,1.3673457434513427,1.4225693371654287,1.4702416306786175,2
0,1.435821544855886,1.353986917372536,1.472142493682211,1.7196862622711313,1.419352047779934,1.4668808404287013,1.5085552267877715,1.7196862466348064,1.4531828515906158,1.4905589223513445,1.5233137459385568,1.719686092363971,1.4088644400439154,1.4529673158032148,1.4917145981228854,1.6768462216667999,1.3790714695383788,1.4351678319544279,1.4833754080385801,2
0,1.491263852488673,1.428549378786229,1.5252930895486414,1.7196863168069647,1.333659466404969,1.3940516012548074,1.4483867652813123,1.7196862432076045,1.3980393502394965,1.4642515632324349,1.5233761822199026,1.719686182513886,1.3804373134488857,1.4377625217062475,1.489041324945196,1.6768461877755978,1.320689377677505,1.3874099016114534,1.446812123395486,2
0,1.4949074400477593,1.380511383393483,1.403375438178279,1.7196862236682957,1.3674356458870127,1.4318485863757506,1.4892465054142838,1.719686278054155,1.5271231674790722,1.5766273335857153,1.61921575600931,1.7196861573862,1.4583821238571872,1.4922921044196342,1.5216993062309752,1.6768462322818278,1.3987659445722225,1.4459995223546183,1.4863040760790651,2
0,1.4898602320060852,1.3715347596772305,1.4136126724951408,1.7196862841940754,1.3691368979879286,1.43375241480996,1.4913043605575886,1.7196862752771227,1.5263191024445346,1.569240909145625,1.6061832770057796,1.7196861766667835,1.446123024298053,1.4784218758777692,1.506490636321959,1.6768462262126795,1.4042578242032009,1.447453939407591,1.4843068330651883,2
0,1.4304656408749317,1.3414544363546692,1.4028116671102115,1.719686237063221,1.3697459462389598,1.4344339605100143,1.4920413006413364,1.7196863151511614,1.3972563476155386,1.4564009225281216,1.5093188862647147,1.7196861570697575,1.3873261433654336,1.4324355417955035,1.4722962999974312,1.6768462534466,1.3702018635636994,1.4225227923186679,1.4678240824263389,2
0,1.4211339791702204,1.338900450789098,1.4853689180252152,1.719686310597296,1.3700793074271944,1.434807152039625,1.4924444430176986,1.7196862678993847,1.3946111444047078,1.452313751235347,1.503952148396699,1.7196861881975978,1.3480204322215326,1.3967201031868122,1.4401953558941816,1.6768462175901018,1.3487323250009828,1.4081814295271853,1.4599731908365332,2
0,1.414724855251218,1.3313709825184938,1.5053555912468908,1.7196862770243635,1.3702828910214333,1.435035011017808,1.492690889618517,1.7196862418163146,1.4313104130991052,1.4804995911266048,1.5239310867824019,1.7196862228119738,1.3662925365087262,1.4113999548436391,1.4514980036297063,1.6768461681036861,1.347553936771783,1.4070085271508121,1.4587535582976054,2
0,1.3900458257190618,1.3232113343156042,1.4845553235029012,1.7196862484737891,1.3704225090630715,1.4351910845054676,1.492859793999094,1.7196862471713268,1.481261075335806,1.5299188708211469,1.5719793545084901,1.7196861751055574,1.4387716329901563,1.4866751150681217,1.528090990631917,1.6768462377458808,1.407651370086419,1.4688707553581886,1.5209639476236003,2
0,1.3642029449277073,1.27615480031962,1.404918386280226,1.719686224277639,1.37051913293148,1.43529916402189,1.492976766188283,1.7196862733524363,1.4619980034395135,1.5043628801533586,1.5412005611852382,1.719686209832633,1.4276007631084089,1.4701386907357614,1.5070084994262463,1.67684623144794,1.4150257127722954,1.468884440488706,1.5145793136202668,2
0,1.355853282743211,1.2914366142572329,1.4675930569423972,1.7196862827690227,1.3706062924213962,1.435396830128015,1.493082082836458,1.7196862606937644,1.4279334519068267,1.4759893053227073,1.518267824398785,1.7196861871501714,1.4116768934106743,1.4544627411196858,1.4918256301711925,1.6768462115978358,1.3932459889504913,1.4427732961976572,1.4851314793386738,2
0,1.2841821503094342,1.2271808252990604,1.4002857989946684,1.7196862775878416,1.3235788920562104,1.3949173132117259,1.4593908395185562,1.7196862993908035,1.3376172484055289,1.4071949807357007,1.4703387971965283,1.7196861668427492,1.385357301507417,1.4548568917246656,1.5165932682891319,1.6768462308095264,1.3751591818699929,1.4499340416150472,1.5142621315512341,2
0,1.2997210266774657,1.2653277125531879,1.401584220269342,1.7196862537486688,1.288584162186384,1.3581791046712322,1.4217011493812926,1.7196862272646358,1.3349453701974516,1.4081029826037703,1.4746248757158886,1.7196861961119745,1.4501134585742292,1.5875774668001135,1.7062880890655217,1.6768462073306927,1.3960180888166,1.528798980994389,1.6423132669027796,2
0,1.273807034222414,1.2357277769556658,1.3461393732233942,1.7196862433342248,1.2868468719277109,1.3494648643438656,1.4066120797329669,1.7196862585625063,1.3080831245911722,1.3680137968325337,1.422392267801819,1.7196861745354954,1.3654909245821711,1.4708772028472459,1.5638264956088517,1.6768462065335465,1.353398159299523,1.4733112860200133,1.5770572015209112,2
0,1.3560760387656916,1.317428769996642,1.421175136167698,1.7196862676342413,1.398377948482623,1.505306155170267,1.5996738987156238,1.7196862744854409,1.3504975774538739,1.463148747952896,1.562879672708618,1.719686180473517,1.4270535877132517,1.5665665915716378,1.6869564556699803,1.6768462299374745,1.3572224627947487,1.4765394963797387,1.5797311286855986,2
0,1.360871645080834,1.3220596054483833,1.4253079555921189,1.7196862695034942,1.4988394434016057,1.6031877110658852,1.6925392875227638,1.7196863093914787,1.4464526304828347,1.5626610834716923,1.6626279973906786,1.7196861581247636,1.4900836810696143,1.6333134767925017,1.7544596370911858,1.6768462109747524,1.3579704661392868,1.4771708941940682,1.5802542948131788,2
0,1.361831640452969,1.3229864754182918,1.4261555069327287,1.7196862602438292,1.4120039952107934,1.5003903766843172,1.5781402974241876,1.7196862428574191,1.3870199611100218,1.4894458739729244,1.5791924459616213,1.7196861897634994,1.4529843647530756,1.591471684404485,1.709976750397277,1.6768462115172413,1.3582867697310779,1.4774379014932728,1.5804754885701213,2
0,1.362264407303338,1.3234042637731727,1.4265374967117876,1.7196862662760528,1.4373152835148109,1.518289089658778,1.5889644795753737,1.7196863017137556,1.395761093705154,1.4812626951794228,1.555955140872605,1.7196861424382381,1.4511979771033596,1.5850726855877058,1.6996744725354653,1.676846200067203,1.3584774076416315,1.4775988432099434,1.5806087578163512,2
0,1.362493348101264,1.3236252576233871,1.4267394934668431,1.7196863357229484,1.5132164080479946,1.6020433926149336,1.677764685873567,1.7196862681809835,1.4552070956028418,1.5449165827466285,1.6218840360970335,1.7196861668344066,1.4806005853081676,1.6043278794802551,1.7093357478452458,1.676846222011647,1.3585952258444314,1.477698341290706,1.5806911549660303,2
0,1.3626228387987827,1.3237503515973121,1.4268537120689495,1.719686293930851,1.5498129529326552,1.6427399851643982,1.7211339180427359,1.7196862690326788,1.4793703177695885,1.5699539857627,1.6470625500186415,1.7196861701331392,1.4913581758522962,1.6107586376104863,1.7117580581053662,1.6768462138436404,1.3586681489992067,1.4777598715519058,1.5807421990726511,2
0,1.3627355768048799,1.3238590128231171,1.4269531752017224,1.71968628782809,1.587463434286196,1.6877478498055687,1.7713224176868338,1.7196862886083832,1.5017354493300128,1.6046156023333165,1.691590619570337,1.719686198834371,1.4868109444686772,1.6053265140760995,1.7057085022609506,1.6768462205982546,1.3587357222823806,1.4778168984855784,1.5807894759266146,2
0,2.0618495195701754,2.1320321947746566,1.8545002074738757,1.7196862731623106,1.3423842641042116,1.527373021594892,1.693660568476979,1.7196862531603863,1.9028575449487435,2.0165992817140923,2.1025016781219126,1.7196861761423157,2.940024306114768,2.2191000406110666,1.8496762023617326,1.6768463240494311,2.7946527941763675,2.2451547899036433,1.8913358189929235,3
0,2.0888320102761186,2.1392271553002056,1.8195639613117363,1.7196862531964334,1.341616777264868,1.5290083945040434,1.6974778674147164,1.719686331935433,1.9356382170925344,2.033663087990072,2.1067824341839727,1.7196860759136332,2.936600033761834,2.191085088122105,1.8265258582807264,1.676846235281336,2.802440048672287,2.1953536858126075,1.8470504105045853,3
0,2.02918626810486,2.1297641261739595,1.8512396146776742,1.7196862739461451,1.3412599893487283,1.5297680318114453,1.699251904427391,1.719686255885898,1.9142676507569147,2.000454074132516,2.065136932572347,1.7196861965433579,2.9391195496013203,2.2015933038610958,1.8309080315703796,1.6768462160715865,2.8039115169915245,2.1735276802647525,1.8223746913530396,3
0,2.056119086331245,2.1416860352846077,1.8227901683574628,1.719686187968541,1.3410310855801053,1.5302557744692271,1.700390624534925,1.7196863100548927,1.937229377864656,2.023428902019208,2.087611586526557,1.719686169097434,2.9397418646424605,2.206530749115682,1.8342132487641634,1.6768462676679796,2.8040642504478637,2.170448774183594,1.8188282798890396,3
0,2.0705446976944755,2.145814105164352,1.7917195012825737,1.7196862736996374,1.3409108594609276,1.5305121754196624,1.7009882686878293,1.7196863011720869,1.958138359010364,2.0419598347287575,2.1039536210017062,1.7196861604948845,2.9386946755663566,2.1934080634602138,1.8211441665137444,1.67684622832062,2.8041081454255345,2.169518766923896,1.8177563739279095,3
0,2.063741396299157,2.1402852963639916,1.7805749101538055,1.719686210187563,1.3408077766333164,1.5307315964982682,1.7015012886174175,1.7196862718243193,1.9307927688910238,2.0174738740838096,2.082241735383001,1.719686117891456,2.9371762100901155,2.1808807494019873,1.8089790133197488,1.6768462343405275,2.8041367813144134,2.1689131430935245,1.8170590729961644,3
0,2.049925255416699,2.1341776390064875,1.7561331479149456,1.7196862249245075,1.3383778594838578,1.5292893866788468,1.70107902073527,1.7196862167320721,1.9245045836266992,2.0112093067953114,2.0760877821108474,1.7196861647992363,2.936947849509172,2.1792362243837555,1.8073822564155624,1.6768462389740513,2.8044942457130158,2.1658537265256603,1.8128981394818209,3
0,2.133684846724113,2.134146593542181,1.7013384654941663,1.7196862480547384,1.472809713103393,1.721670450149456,1.9366968898287065,1.7196862413415408,2.0278944478282437,2.1492163722225786,2.236709675776293,1.7196863376849114,2.8794200491564554,2.418151704471397,2.018395217605854,1.6768461331935973,2.7482029660959593,2.4234416025223062,2.0543380740998956,3
0,2.1509531922648892,2.182404368775539,1.8704786906595314,1.7196861599904256,1.4249893973858734,1.5949160643608786,1.7439367809133832,1.7196863002807639,2.1028084974844194,2.221545260033732,2.3047300151640018,1.7196863078340132,2.887136295536122,2.4110279022803542,2.0182274692769555,1.6768461140476285,2.752527103744649,2.399784453429044,2.0259684570336023,3
0,2.1592666920088313,2.175819760819694,1.7735780388828788,1.719686277691237,1.418953412436204,1.5973636700625162,1.7540787128536455,1.7196862500413814,2.1137447995967227,2.195702554666379,2.2527869108815883,1.7196860685746858,2.8898110432228354,2.407590113392152,2.0177684409902414,1.6768461097891552,2.7563595447950258,2.3939924516182347,2.023201220050071,3
0,2.0502580396431407,2.1484099586186374,1.8259310604925416,1.719686233193227,1.4127496405934814,1.6052245662954217,1.774507419036207,1.7196861847685103,1.9439255634778974,2.034299122748698,2.10136157978675,1.719686179839669,2.891755736038707,2.405990897132027,2.018108577564431,1.6768462259222505,2.7616008749103678,2.3881676546173844,2.022657545357806,3
0,2.02571905646792,2.1347192856554766,1.7716641172191883,1.719686240079553,1.4108223791537842,1.607666611411145,1.780854184402285,1.7196863140941097,1.915618682237728,2.0115428190821665,2.0834003042433973,1.7196862123611534,2.892333301078809,2.405509578128306,2.018211127565383,1.6768462116368286,2.7625413636196092,2.387082266642963,2.022554284514795,3
0,2.0303749296607165,2.13471358893985,1.7962559175905162,1.7196862529778971,1.4090745234370092,1.609881204511,1.786609315496436,1.7196863115175434,1.9014889254572753,2.0043161133263125,2.0816152237462022,1.7196860946165793,2.892847656805904,2.4050779880039275,2.0183034045384973,1.676846319651034,2.7632495601727904,2.386255951906886,2.0224752816973743,3
0,2.030330799083737,2.1348734279056645,1.7975956939670947,1.7196862456957525,1.409013024092759,1.6099591710986754,1.78681199895836,1.7196863624819172,1.9021573251325603,2.005468483787572,2.0831072389971936,1.7196860454492158,2.8928656137360056,2.405062851149595,2.018306551407886,1.6768462053181465,2.7632728371644766,2.386228896449975,2.0224727941060596,3
0,2.0304026533537205,2.135023346658383,1.7981092270569148,1.7196862396229275,1.4089342377583138,1.6100590698097625,1.7870714863969805,1.7196862375642696,1.902548087261628,2.005694755767777,2.0831942146002915,1.719686204320098,2.8928885192560383,2.405043687018793,2.018310716973726,1.676846254913203,2.763301718969756,2.386194869747841,2.0224693618947676,3
0,2.0305382463976134,2.135029464166686,1.798114545613392,1.7196862595214495,1.408889967310289,1.6101149036739493,1.7872172197119227,1.7196862176185694,1.9024886595718868,2.0052257368800976,2.0824196976216265,1.719686327979671,2.892901179316237,2.4050328770710507,2.0183128022796355,1.6768463164165206,2.7633179871236937,2.386175837365729,2.022467702850962,3
0,2.0312149541597164,2.1350467813125245,1.8010329830136564,1.719686156057275,1.4088226089881468,1.6102004455307923,1.7874392235266272,1.7196862707097873,1.9024599247258425,2.0049476009153095,2.081945752676319,1.719686211136517,2.8929208629789316,2.4050162545638223,2.0183163746116035,1.6768461126418626,2.7633427850937626,2.3861467649667323,2.022464730389751,3
0,2.0317350697137324,2.135240386063644,1.8009334688577787,1.7196862630874474,1.4087528797799813,1.610288626862612,1.7876692756215367,1.7196863843552506,1.9025199549099971,2.0050860004922737,2.0821398414493135,1.7196863037939054,2.8929414089576784,2.404999003735031,2.018320135976721,1.6768462286413428,2.763368106719404,2.3861168515302515,2.022461866091071,3
0,2.032262632066064,2.1353119137753533,1.800876428892861,1.7196862909784816,1.4087022018146271,1.6103527629203518,1.787835663013038,1.7196862590624493,1.9024309395341625,2.004899876082628,2.0818828962679383,1.719686146017402,2.8929560876898095,2.4049865999442543,2.018322732556698,1.6768463072256268,2.7633863990714436,2.386095606533019,2.022459763541331,3
0,2.032581381045219,2.135252318109718,1.7994429133032326,1.7196862300711913,1.4086532708819974,1.6104149870880287,1.7879964097265,1.7196862987597863,1.9021865232829982,2.0045560233889788,2.0814707523695795,1.719686094508398,2.8929705156860135,2.4049746309897784,2.0183254676072995,1.6768462358351386,2.7634037988249984,2.3860749047968084,2.022457874680484,3
0,2.0327564156246845,2.1351875174823363,1.797744725338104,1.7196862816357843,1.4086059565194098,1.6104748286074642,1.7881524255409253,1.7196862897498033,1.9021568711257142,2.004444623510355,2.081299179565912,1.719686136539394,2.8929843593680364,2.404962827578224,2.018327999890702,1.676846158462232,2.763420953936819,2.386055014151134,2.0224561205311042,3
0,2.033125167117625,2.1352028506853524,1.7956403937885153,1.7196862538149313,1.4085600967906828,1.6105328421299727,1.78830293207357,1.7196863107285345,1.9021808611409097,2.004423795659599,2.0812439105347407,1.7196861037893982,2.8929976249624745,2.404951782064453,2.0183301057910463,1.676846180430521,2.7634373450478704,2.3860356814783756,2.0224539659858753,3
0,2.0338654980033466,2.1351409199926557,1.7916158494729806,1.7196862243166249,1.4085013348123103,1.6106075446051227,1.788496491122665,1.7196863311585329,1.9019575594237976,2.004254048630968,2.0811193052957537,1.7196861659918377,2.8930146310880644,2.4049374314370824,2.0183332879427485,1.6768462683625607,2.7634580783687066,2.386011274360035,2.02245186137444,3
0,2.034703133565799,2.135111594396675,1.7871229304114917,1.7196862463398939,1.4084587906864374,1.6106614408103603,1.78863688230309,1.7196863814426944,1.901675772390694,2.0040112294136962,2.0809122933948245,1.7196862151794463,2.893027016811699,2.404926975802311,2.0183356910049426,1.6768462671121598,2.7634733626553523,2.385993269517017,2.022450148767677,3
0,2.0351658218548976,2.1351758370681972,1.7847288424780474,1.7196863255439896,1.4084041338042361,1.610730589460682,1.7888167771300447,1.7196862940326705,1.9014988089384328,2.003909367325191,2.0808735146312296,1.7196860774396068,2.8930427776034016,2.4049136045209454,2.018338572673325,1.6768462068964098,2.7634924333706867,2.3859708618018094,2.022447925732072,3
0,2.0353317762350196,2.135267126503699,1.784014019089014,1.719686260678131,1.4083514977541773,1.6107972353365603,1.7889908341447829,1.7196862754247741,1.900803478254658,2.0031225060797953,2.08003573297592,1.719686179346668,2.8930579073181724,2.4049007733485905,2.018341250682635,1.6768462347314688,2.7635109131085938,2.38594903018668,2.022445950973529,3
0,2.035376351517359,2.13527492707011,1.7839599623430658,1.7196863281791557,1.4083132133649163,1.6108457433873205,1.789115730047254,1.7196863240275082,1.8997172533061701,2.001888805730132,2.078720717511182,1.7196862775507127,2.8930690391312477,2.404891399336408,2.0183430416499677,1.6768462149939534,2.7635243694590024,2.385933447410604,2.0224441517147644,3
0,2.0355779954706157,2.135173134562502,1.785994355301848,1.719686323792724,1.4082762231111086,1.61089235521675,1.7892386668538245,1.7196863221308023,1.8986575299988824,2.000727179636855,2.077507894197366,1.719686186392798,2.893079798669516,2.4048822966613566,2.0183451048549963,1.6768462815404124,2.7635371442028456,2.3859183277664364,2.0224427257219593,3
0,2.035606525695451,2.134964455658188,1.7877745935564202,1.7196862261667647,1.408228440329455,1.6109532705115055,1.7893955767023773,1.7196862665695176,1.8979276522984658,2.000038123959629,2.076865571028738,1.7196861578454954,2.8930938517031897,2.4048705749023083,2.0183476340111532,1.6768461927392815,2.763553894724495,2.3858986737387116,2.0224408429430114,3
0,2.0902363609684262,2.1435466913262093,1.7835135307579957,1.7196862842077132,1.2931183516175757,1.5195586773836325,1.7258824522370433,1.719686174942519,1.9349516083236344,2.0397031421296377,2.1175711919548696,1.7196861907404755,2.8931985730953853,2.4047821202837443,2.018366525975345,1.6768463337253916,2.7636770631743883,2.385753577712951,2.0224267715572477,3
0,2.1273496180507263,2.1579903533197595,1.8365970752767722,1.7196862950165912,1.357432149873906,1.699205986393923,2.0047388000368738,1.7196862911235498,1.9979075618970104,2.0890195366016973,2.1553049816561076,1.7196860827095692,2.8932806977458663,2.4047128151464463,2.018381303947366,1.676846238269494,2.7629665639505707,2.388833707632096,2.026244243277202,3
0,2.126175062313872,2.1619663639180717,1.8374604707022908,1.719686129297214,1.374805137184852,1.7470815800880786,2.0781867342448432,1.7196863325518377,2.0036760356946925,2.0927262869818595,2.157355565945744,1.7196862153699273,2.8933268571893977,2.4046734653133366,2.018389743902015,1.6768461182401695,2.756752208912943,2.4125407851281393,2.0547970924241072,3
0,2.0869905922846,2.15733201792238,1.906546808127222,1.7196863454141174,1.379575570884965,1.764242396728683,2.1059116248581393,1.7196864018445697,1.99428732479886,2.0835290044355914,2.1485002183118307,1.7196860859684326,2.891257960178272,2.407849970210619,2.0207844806467943,1.676846238451833,2.7558218351595807,2.415954326697378,2.0589228941228175,3
0,2.051891638782387,2.14045701463922,1.8717984561102459,1.7196863004616674,1.3804391345727591,1.767351289475474,2.1109360557317767,1.7196862154327925,1.938686288280335,2.0327360287548673,2.1025080534963156,1.71968623898746,2.8814783184167867,2.4226988895374353,2.031874458515849,1.6768462636417236,2.755415307464615,2.4174353743253327,2.060714662463733,3
0,2.042310854326903,2.138289893504853,1.771658688577207,1.719686371528529,1.3808020633687055,1.7686591005108363,2.113049015909556,1.7196863703362522,1.9139419975499126,2.008252996247657,2.078767880113611,1.7196862037802392,2.8793779428794393,2.4258233921325845,2.034234120082647,1.6768461917029018,2.7551894670371815,2.4182557390851476,2.0617069605832983,3
0,2.020909481761273,2.134833647486807,1.687502965475527,1.7196862499989969,1.2524571960461774,1.5637926311970627,1.850339263321583,1.7196862872681695,1.9867965868419672,2.089019042864273,2.1635199697993985,1.7196862563235717,2.8617371883299487,2.4497110796739983,2.0519418303237513,1.6768462368041157,2.7550219364130353,2.41886276311518,2.062441804331075,3
0,2.032416080510159,2.137632598369386,1.6388532209583997,1.7196862691293309,1.221018512390036,1.4626668531870406,1.6872964439279732,1.7196862814295024,2.0246071650770414,2.1096728795922584,2.1709281009630157,1.7196861236930479,2.8285143898521654,2.4889263019140735,2.0800480666372385,1.6768461836526183,2.7548914237423543,2.419335755069312,2.0630144296334985,3
0,2.0771080130692163,2.1302685194119175,1.671797721976417,1.7196863008826773,1.2319525169295558,1.4674793281629166,1.6857939059052038,1.7196861400866168,1.9456559913814566,2.0452819600087224,2.1189933111901302,1.719686198572722,2.8373254130353205,2.4806037964954863,2.07540340122648,1.676846324634242,2.7542476412157444,2.420489146560612,2.063958481534791,3
0,2.0868999853988943,2.107415227658515,1.6547599592430189,1.7196862990037518,1.3019700954409328,1.535046340287425,1.7468115596104163,1.7196863584893254,1.9625995413759993,2.087398575807972,2.1791353395236954,1.7196862429050266,2.884305605493079,2.432833336844168,2.0497248138455024,1.6768462306323106,2.774516073420929,2.371981066234477,2.023450165354002,3
0,2.086509217917693,2.0902578345121423,1.6905498779898602,1.7196863571911103,1.3042935474664128,1.5745097336086977,1.8197320819637888,1.7196863693483493,2.0020840360446996,2.1156734308235423,2.198192942131599,1.7196862537440578,2.8860602389553893,2.43216564279259,2.050629814105313,1.6768462110559403,2.7764768768387267,2.3658590479763704,2.0180622087688844,3
